CarNumber,SURNAME
Y163O8161RUS,Brashaw
E432XX77RUS,Shatraw
7184TT36RUS,Florvil
X582HE161RUS,Statts
92918M178RUS,Deraad
H234YH197RUS,Medico
E40577152RUS,Fladger
707987163RUS,Kochenour
K330T8197RUS,Matzko
X786CO96RUS,Tessler
C477M7161RUS,Vonbargen
O21997197RUS,Dyes
M592CH197RUS,Nahorniak
9020YC197RUS,Brouillard
8182XX154RUS,Mcallan
7830C8197RUS,Reichert
7066C8197RUS,Cazer
M298CH161RUS,Huelsenbeck
E445TC197RUS,Hendrex
8440XX154RUS,Darensbourg
9371CE154RUS,Dishion
9182CE154RUS,Renuart
83298C154RUS,Smitham
Y7659C197RUS,Fronczak
C922YE197RUS,Cluley
7364C8197RUS,Ubriaco
M5039X197RUS,Vonende
8603T8154RUS,Doneff
92928M178RUS,Reisdorf
O672E8197RUS,Wasiluk
E42277152RUS,Kimmelman
C903MC161RUS,Heare
T7318T163RUS,Tesney
Y7719C197RUS,Dronen
T011MY163RUS,Edmund
H115YO163RUS,Dole
73467Y96RUS,Kopacki
O134HE197RUS,Horst
H968HY161RUS,Iseman
Y654E8750RUS,Catt
H963HY161RUS,Michielli
H232YH197RUS,Hoberman
7843C8197RUS,Blakeslee
X791O796RUS,Leddy
H958HY161RUS,Raccuglia
708587163RUS,Twedt
Y973O8197RUS,Ostergaard
97977H178RUS,Philippi
H917TC36RUS,Crocetti
Y7709C197RUS,Cervenak
8513XX154RUS,Cullina
T870X7163RUS,Vandervorst
8818C877RUS,Biedenbach
T395OT197RUS,Garberding
K327T8197RUS,Fiorentini
8311XX154RUS,Musillo
X423MK197RUS,Vyse
96429X178RUS,Klamer
O275O7161RUS,Rubendall
7789KT197RUS,Rodriguez
E28877161RUS,Lauber
T6068M116RUS,Rockenbaugh
9498KX178RUS,Dubeau
99209X178RUS,Friedenberger
T6449O50RUS,Kopka
9683EC178RUS,Nickoli
Y353O8197RUS,Altena
O719MM163RUS,Daffron
E535MM199RUS,Freyman
Y352O8197RUS,Nims
7788KT197RUS,Yzaguirre
E807HE77RUS,Paskewitz
M516CH161RUS,Wiehle
89587X197RUS,Rando
7781KT197RUS,Livera
E645TH36RUS,Dody
Y302E877RUS,Metzdorf
M058XE36RUS,Hiltz
8166XX154RUS,Dillin
M589CH197RUS,Dewart
9408H7178RUS,Brantman
H387TM197RUS,Harma
8049HT125RUS,Diersen
9698MO178RUS,Revuelta
8685HE154RUS,Nanninga
7177TT36RUS,Castiglione
O77997197RUS,Prueitt
Y234E877RUS,Mowad
97987H178RUS,Marinaccio
X257HE161RUS,Demler
T399KX197RUS,Pinzone
H957HY161RUS,Boesl
K379HY161RUS,Ong
T654HT96RUS,Megan
8439XX154RUS,Dinse
Y965EE197RUS,Muhlenkamp
X758HY197RUS,Petway
M0279X197RUS,Ciavattone
H224X836RUS,Stutman
E6849O154RUS,Helton
O83797197RUS,Behr
9402KK197RUS,Bachu
7368C8197RUS,Janifer
H427YH197RUS,Ruhoff
9583EY178RUS,Brenon
Y038E877RUS,Avera
9822H8161RUS,Stoltenow
7826C8197RUS,Bleck
E160YX77RUS,Roccio
82337X197RUS,Puco
X757HY197RUS,Harabedian
X765HY197RUS,Ashfield
934497178RUS,Scarpulla
K2807K154RUS,Cobbs
T8008Y125RUS,Cullinan
Y960EE197RUS,Erhart
7840C8197RUS,Warmann
K846YE77RUS,Progar
7827C8197RUS,Week
Y655E8750RUS,Douris
H003MH197RUS,Runci
Y7699C197RUS,Schoemehl
Y8399C197RUS,Flewellen
9135X938RUS,Fritton
H385TM197RUS,Abramovich
9428EX178RUS,Schepper
H837YK197RUS,Fosmark
O83597197RUS,Chesmore
E42577152RUS,Bellerose
E53277152RUS,Dellaratta
C476M7161RUS,Koker
9943KK197RUS,Lied
8165XX154RUS,Maeng
T476KX197RUS,Olari
C422X938RUS,Jungmeyer
K328T8197RUS,Whealton
9466EX178RUS,Miracle
X256HE161RUS,Adrion
Y275O8197RUS,Chudzinski
H217X836RUS,Aamold
Y316E877RUS,Osei
8601XX154RUS,Alaffa
M741T9152RUS,Strizak
9883HX152RUS,Fahle
Y6829Y50RUS,Summerlot
H004MH197RUS,Coogler
704987163RUS,Voronin
E316EH197RUS,Muti
O22297197RUS,Schlack
O02597197RUS,Cribbs
X015HY197RUS,Lobbestael
T769OT197RUS,Blasio
Y778EE197RUS,Germino
7829C8197RUS,Picciuto
T272HH163RUS,Schammel
T018OX197RUS,Douthard
Y255E877RUS,Wendeln
9697MO178RUS,Reaves
T686EO197RUS,Penski
C590EY154RUS,Treber
T941CC96RUS,Bacca
O22397197RUS,Hudlow
X242EC197RUS,Feltham
T020OX197RUS,Tembreull
E33577152RUS,Donker
E773EH197RUS,Simendinger
T6428M116RUS,Argentine
Y7129Y50RUS,Hopperstad
Y418EX197RUS,Deperi
Y7689C197RUS,Gast
E52877152RUS,Stolt
7369C8197RUS,Nytes
Y166O8161RUS,Cornman
705287163RUS,Avey
K559KC161RUS,Ogard
M0299X197RUS,Stolzenburg
84418C154RUS,Sollie
E53488152RUS,Villaruel
90159H178RUS,Speak
C798ET50RUS,Carbuccia
Y193O8161RUS,Silha
7248C8197RUS,Coppley
K357YE77RUS,Winking
E0697X152RUS,Truszkowski
E40877152RUS,Dovi
Y351O8197RUS,Joao
Y356O8197RUS,Careno
O6939X163RUS,Dinovi
Y7649C197RUS,Zehrer
9935TE152RUS,Croney
704687163RUS,Keon
7197TT36RUS,Heber
O143HO197RUS,Ciocco
K436MO152RUS,Kucik
9938OH154RUS,Lausten
E34877152RUS,Neyra
E5878M777RUS,Burfitt
7844C8197RUS,Domizio
C584EY154RUS,Bratkowski
E28977161RUS,Mcmeel
T016OX197RUS,Noonchester
H889YK197RUS,Grabenhorst
7363C8197RUS,Furney
T6039O50RUS,Shuey
7365C8197RUS,Zerbey
Y967O8197RUS,Startt
E816HE77RUS,Schimmoeller
T6329O50RUS,Blueford
X504X8197RUS,Noles
M581CH197RUS,Voogt
X523OM161RUS,Nickoles
C412X938RUS,Elberfeld
7831C8197RUS,Lising
8164XX154RUS,Vandre
T6419O50RUS,Gerik
E822TH36RUS,Alson
8437XX154RUS,Whigham
C515X938RUS,Kerkhoff
7172TT36RUS,Moering
8436XX154RUS,Carni
E79988152RUS,Tara
8180XX154RUS,Dittbrenner
84438C154RUS,Bauser
T6309O50RUS,Yetzer
T6129O50RUS,Larmer
K339T8197RUS,Vachal
X782CO96RUS,Northwood
E591HE77RUS,Kosty
9499KX178RUS,Thomalla
Y357O8197RUS,Fidanza
Y652O8197RUS,Starlin
X767HY197RUS,Graack
H220X836RUS,Talancon
H218X836RUS,Goodwater
T913CT197RUS,Billeci
T6439O50RUS,Zuch
7784KT197RUS,Vandenbossche
X286TC36RUS,Lehnherr
O752MX161RUS,Mazzeo
Y7449Y50RUS,Stalvey
92828M178RUS,Hasan
Y650E8750RUS,Ciha
8321XX154RUS,Overbeck
8316XX154RUS,Iem
T017OX197RUS,Blazquez
H977HY161RUS,Mctee
X522OM161RUS,Creo
O085E8197RUS,Cussins
705387163RUS,Fareri
O017KO197RUS,Mcchesney
X4138H125RUS,Tafe
8441XX154RUS,Kleyman
M0269X197RUS,Styler
T483CT96RUS,Shovan
T940CC96RUS,Gudorf
C58078163RUS,Pallister
O02397197RUS,Rosenow
8611T8154RUS,Graziosi
704787163RUS,Stockl
C313MM99RUS,Lamonica
X763HY197RUS,Verdecchia
M386M9197RUS,Zulkoski
8605T8154RUS,Schnitzler
7147OE161RUS,Groninga
7361C8197RUS,Piehler
Y359EY197RUS,Kimler
T6559O50RUS,Bowden
9469EX178RUS,Arick
Y6839Y50RUS,Yahl
H237YH197RUS,Hargis
T948OM96RUS,Genson
T395KX197RUS,Morich
M301CH161RUS,Caum
9496KX178RUS,Hennessee
T6319O50RUS,Portnoff
H305T8197RUS,Spahn
8201XX154RUS,Mischka
O64297197RUS,Tornez
9523M8178RUS,Bottex
Y273O8197RUS,Zarrabi
T6229O50RUS,Kreuzer
X023HY197RUS,Mccaskie
8226XX154RUS,Carcamo
Y038TO197RUS,French
M0289X197RUS,Benkert
E811HE77RUS,Cuiffo
X795O796RUS,Pellot
O39997197RUS,Moraru
97968K152RUS,Koewler
H219X836RUS,Lunning
T6169O50RUS,Rennert
94178K154RUS,Rudkin
9467EX178RUS,Tevis
O78097197RUS,Foley
X5707X161RUS,Colleran
Y232E877RUS,Kozelek
Y388E877RUS,Penuela
X255HE161RUS,Newsome
E552MO152RUS,Mcanlis
97998K152RUS,Byrns
Y963O8197RUS,Sibold
T477KX197RUS,Rezak
T2639T116RUS,Fromhold
O49797197RUS,Rhodenbaugh
O68897197RUS,Dornbush
72457Y96RUS,Neron
7064C8197RUS,Sance
E948C8152RUS,Lynchard
C514X938RUS,Muhle
C589EY154RUS,Muza
K899T8197RUS,Schaedig
T6418M116RUS,Osife
8607XX154RUS,Shifflette
92778M178RUS,Zula
T288CT96RUS,Procino
9886HX152RUS,Millbrooks
C583EY154RUS,Toyama
C592EY154RUS,Glasel
T6459O50RUS,Belohlavek
X759HY197RUS,Wetterhahn
705787163RUS,Bourque
92898M178RUS,Soomro
9671EC178RUS,Durrell
M302CH161RUS,Cables
M578CH197RUS,Triana
Y207O8161RUS,Koepfer
96659X178RUS,Ichiyama
T912CT197RUS,Kuykendall
7183TT36RUS,Staberg
89557X197RUS,Leseberg
Y359O8197RUS,Damjanovich
K2817K154RUS,Metheny
Y964O8197RUS,Marish
H967HY161RUS,Berkley
E394MO152RUS,Eirich
O50699163RUS,Adelman
9463EX178RUS,Ambroselli
E53677152RUS,Gambuti
K338T8197RUS,Losier
Y4298M777RUS,Hedegard
Y687HM197RUS,Maloney
98037H178RUS,Holak
7828C8197RUS,Cognata
H980HY161RUS,Albi
H906YK197RUS,Maynord
7199MT197RUS,Plowe
X908XC197RUS,Sorkness
T171CC96RUS,Mcelhaney
X4108H125RUS,Nagelkirk
Y966O8197RUS,Okal
K2797K154RUS,Cavell
7089H8163RUS,Trei
7841C8197RUS,Roppelt
9940KK197RUS,Biancalana
H971HY161RUS,Neigum
H844YH197RUS,Thibeaux
E33477152RUS,Hausch
Y156E877RUS,Scrivanich
E396MO152RUS,Devoy
Y969O8197RUS,Holser
9028CO161RUS,Binienda
T6249O50RUS,Zohner
E42377152RUS,Zannini
9941KK197RUS,Hobaica
M372CH197RUS,Varriano
K040CC197RUS,Vandestreek
E41577152RUS,Buchele
9763HY161RUS,Brusch
T535ET96RUS,Verzani
H961HY161RUS,Franek
M2169X197RUS,Sadruddin
8234XX154RUS,Restituyo
O83697197RUS,Gaudiosi
E52677152RUS,Heinold
8451M7154RUS,Schmidtlein
9589EY178RUS,Holzhueter
H907YK197RUS,Vanvoast
O39897197RUS,Capparelli
M3879X197RUS,Kimberling
C299K9154RUS,Jud
9468EX178RUS,Sangster
M375CH197RUS,Karlsen
H982HY161RUS,Sidle
8224XX154RUS,Schink
Y653E8750RUS,Bonitatibus
K558KC161RUS,Sanyal
O058M7161RUS,Yanagawa
M256OH161RUS,Chuen
T242H8197RUS,Carkhuff
K27188138RUS,Cherrie
96629X178RUS,Lanciault
9881HX152RUS,Majerus
T479KX197RUS,Drugan
M680T9152RUS,Torbet
C410X938RUS,Martyniuk
X762HY197RUS,Perasso
9470EX178RUS,Wolsey
X4128H125RUS,Staiert
9762HY161RUS,Schaftlein
H419XE197RUS,Denni
98017H178RUS,Rindfuss
Y780EE197RUS,Deburger
M580CH197RUS,Tarabay
9943OH154RUS,Collet
Y354O8197RUS,Fairwell
7065C8197RUS,Havers
E28777161RUS,Brondo
M701T9152RUS,Kreie
E577HE77RUS,Ites
92788M178RUS,Danhof
9072EM178RUS,Tillia
9409H7178RUS,Boundy
C3829X154RUS,Shigeta
T478KX197RUS,Noel
T119CT96RUS,Decampos
708487163RUS,Sydor
H983HY161RUS,Werr
7842C8197RUS,Valenta
O64097197RUS,Purtle
Y693HM197RUS,Vuichard
96857X197RUS,Tomaras
T394KX197RUS,Dehghani
O49897197RUS,Selling
H963X936RUS,Montanye
T341CC96RUS,Heldstab
9942KK197RUS,Mubarak
9141H8178RUS,Defayette
7370C8197RUS,Pusey
9890HX152RUS,Oberski
M268CH197RUS,Kada
C419X938RUS,Rinzler
M0319X197RUS,Vallente
M577CH197RUS,Bliesner
H975HY161RUS,Broas
X018HY197RUS,Dadzie
E33177152RUS,Speckman
9491H7178RUS,Pezzullo
M374CH197RUS,Quintavalle
96679X178RUS,Klag
9594HY161RUS,Tarkington
83218C154RUS,Nickeson
9764HY161RUS,Dudden
708187163RUS,Banish
H908YK197RUS,Fahning
Y656E8750RUS,Hoefferle
9679EC178RUS,Linsky
C803KE163RUS,Beguiristain
Y7379Y50RUS,Mangat
X320MK197RUS,Lapides
96907X197RUS,Sarracino
H235YH197RUS,Miars
9474EX178RUS,Malit
Y8259C197RUS,Dopke
E29577161RUS,Zichichi
X761HY197RUS,Korrell
T396KX197RUS,Windows
C593EY154RUS,Kouznetsov
Y164O8161RUS,Kanis
M942OT152RUS,Szucs
Y7429Y50RUS,Macklin
H976HY161RUS,Javar
Y195O8161RUS,Seacat
O669E8197RUS,Houtchens
Y187O8161RUS,Contini
K329T8197RUS,Nalezny
9677MO178RUS,Chiarappa
9939KK197RUS,Euliss
M373CH197RUS,Stursa
7164YM36RUS,Braaten
O753MX161RUS,Sikder
T6488M116RUS,Savia
98047H178RUS,Betting
9488EY178RUS,Touma
O481OH77RUS,Cohenour
K326T8197RUS,Kirkland
X796TH96RUS,Tyrrel
Y358O8197RUS,Rodal
C420X938RUS,Susalla
Y965O8197RUS,Shoptaugh
Y274O8197RUS,Shiver
E223YM197RUS,Naipo
Y964EE197RUS,Harpin
T6049O50RUS,Berryhill
H259HY161RUS,Nerio
Y344E877RUS,Wojewoda
K889HY161RUS,Risberg
H214X836RUS,Helfer
O421OT161RUS,Tople
7360C8197RUS,Sagal
Y194O8161RUS,Pervan
T6359O50RUS,Pisegna
E29677161RUS,Bollmer
T020MM116RUS,Malas
9502XX38RUS,Deford
8521XX154RUS,Paruch
K376HE161RUS,Raeder
7193TT36RUS,Renter
O785T9163RUS,Smarra
H618YC38RUS,Kukich
9068EM178RUS,Casiello
7783KT197RUS,Leitzel
Y305E877RUS,Forant
E881OT197RUS,Vigne
O718MM163RUS,Moultrup
9975CC77RUS,Bourdet
T195OK161RUS,Bethard
T914CT197RUS,Cuccurullo
E41977152RUS,Schleusener
9464EX178RUS,Torina
O50197197RUS,Cincotti
7608EE777RUS,Lestourgeon
A111AA11RUS,Smith
B222BB22RUS,Johnson
C333CC33RUS,Williams
